Customer Name,CLV,Profit_LTV,Orders,AOV
Aaron Bergman,886.156,129.3465,3,147.69266666666667
Aaron Hawkins,1744.7,365.2152,7,158.60909090909092
Aaron Smayling,3050.692,-253.57459999999998,7,305.0692
Adam Bellavance,7755.619999999999,2054.5885,8,430.86777777777775
Adam Hart,3250.337,281.189,10,162.51685
Adam Shillingsburg,3255.31,64.5374,9,130.2124
Adrian Barton,14473.571,5444.8054999999995,10,723.67855
Adrian Hane,1735.5140000000001,-2.314599999999982,7,108.46962500000001
Adrian Shami,58.82,21.8496,2,19.606666666666666
Aimee Bixby,966.71,313.6597,5,80.55916666666667
Alan Barnes,1215.022,262.7301,10,75.938875
Alan Dominguez,6106.88,1869.9294000000002,8,508.9066666666667
Alan Haines,1587.452,-378.5509,4,198.4315
Alan Hwang,4805.344,1308.5546,9,369.64184615384613
Alan Schoenberger,4260.784,719.7751000000001,5,327.75261538461535
Alan Shonely,584.6080000000001,33.715799999999994,7,44.969846153846156
Alejandro Ballentine,914.5319999999999,264.5675,9,65.32371428571427
Alejandro Grove,2720.386,792.4823,9,151.13255555555554
Alejandro Savely,3214.236,354.62760000000003,6,401.7795
Aleksandra Gannaway,367.548,59.288399999999996,4,73.5096
Alex Avila,5563.56,-362.88250000000005,5,505.77818181818185
Alex Grayson,660.972,-5.13709999999999,5,73.44133333333333
Alex Russell,1073.354,-215.9722,6,153.3362857142857
Alice McCarthy,814.012,194.98780000000002,5,67.83433333333333
Allen Armold,1056.39,277.3824,9,70.426
Allen Goldenen,200.945,69.2784,5,25.118125
Allen Rosenblatt,2236.1279999999997,-98.76459999999997,5,319.4468571428571
Alyssa Crouse,925.8,-62.1342,3,185.16
Alyssa Tate,1171.814,100.87680000000002,6,130.20155555555556
Amy Cox,5527.846,1366.0098,7,614.205111111111
Amy Hunt,2495.3916,-196.12009999999998,5,311.92395
Andrew Allen,1790.512,435.82739999999995,4,149.20933333333332
Andrew Gjertsen,2356.855,295.6668,8,112.23119047619048
Andrew Roberts,264.864,43.6695,5,37.837714285714284
Andy Gerbode,1455.038,-152.7613,4,161.6708888888889
Andy Reiter,6608.448,2884.6207999999997,6,734.272
Andy Yotov,497.014,103.3499,4,49.7014
Anemone Ratner,88.15,32.633,1,44.075
Angele Hood,738.504,83.963,4,147.70080000000002
Ann Blume,1515.862,-274.9604,4,189.48275
Ann Chong,2537.686,298.8273,5,140.98255555555556
Ann Steele,833.398,136.49190000000002,7,69.44983333333333
Anna Andreadi,5086.9349999999995,857.8033,6,282.60749999999996
Anna Chung,657.316,-28.700399999999995,5,109.55266666666667
Anna Gayman,3489.0396,-246.42570000000003,7,232.60264
Anna Häberlin,7888.294,1298.0166000000002,12,342.9693043478261
Anne McFarland,5664.022,1085.7326,8,257.4555454545455
Anne Pryor,1638.554,285.78880000000004,8,86.23968421052632
Annie Thurman,3831.8639999999996,974.107,10,239.49149999999997
Annie Zypern,1622.018,154.9503,6,135.16816666666668
Anthony Garverick,170.584,-8.431000000000001,4,34.1168
Anthony Jacobs,4867.344,150.71299999999997,7,324.4896
Anthony Johnson,4501.391,1158.7064,7,214.35195238095235
Anthony O'Donnell,161.28,12.096,1,161.28
Anthony Rawles,4523.336,494.8352,8,347.9489230769231
Anthony Witt,649.3760000000001,65.7725,4,81.17200000000001
Arianne Irving,4375.786,867.7271000000001,10,243.09922222222224
Art Ferguson,2052.908,317.9712,7,128.30675
Art Foster,861.565,-163.1175,4,123.0807142857143
Arthur Gainer,4510.7970000000005,343.6824,10,214.79985714285718
Arthur Prichep,3323.556,579.3113000000001,10,107.21148387096774
Arthur Wiediger,2852.9680000000003,-104.54860000000001,7,178.31050000000002
Ashley Jarboe,1839.24,521.1352,7,183.924
Astrea Jones,629.2479999999999,60.426500000000004,3,125.84959999999998
Barbara Fisher,599.798,227.4384,7,46.13830769230769
Barry Blumstein,744.34,11.583900000000007,5,93.0425
Barry Franz,1333.88,-291.3811,4,133.388
Barry Französisch,2888.506,302.02000000000004,8,137.54790476190476
Barry Gonzalez,2798.948,-711.4274,8,233.24566666666666
Barry Pond,983.42,209.78300000000002,5,140.48857142857142
Barry Weirich,385.516,-58.2866,3,128.50533333333334
Bart Folk,272.95,110.9272,3,45.49166666666667
Bart Pistole,3350.874,702.9642,14,139.61974999999998
Bart Watters,4750.358,921.2574,8,279.4328235294118
Becky Castell,2933.676,251.5974,9,162.982
Becky Martin,11789.630000000001,-1659.9581,4,736.8518750000001
Becky Pak,1697.861,647.3847000000001,6,154.351
Ben Ferrer,8430.144,1980.3261,13,227.84172972972974
Ben Peterman,3675.861,363.5991,9,204.2145
Ben Wallace,1738.4060000000002,246.9973,6,173.84060000000002
Benjamin Farhat,1585.162,523.2133,4,198.14525
Benjamin Patterson,1181.49,-197.26950000000002,5,196.915
Benjamin Venier,1523.273,315.2214,5,108.80521428571429
Berenike Kampe,659.1379999999999,-63.764399999999995,6,41.196124999999995
Beth Fritzler,791.99,25.870199999999997,3,197.9975
Beth Paige,2475.157,-319.06370000000004,7,154.6973125
Beth Thompson,2567.656,417.5918,5,285.2951111111111
Bill Donatelli,5718.521,1094.5037,12,300.9747894736842
Bill Eplett,4204.6759999999995,1487.7739000000001,5,467.18622222222217
Bill Overfelt,2682.728,278.77700000000004,5,223.56066666666666
Bill Shonely,10501.653,2616.0644,5,1166.8503333333333
Bill Stewart,3887.834,-17.532200000000007,5,299.06415384615383
Bill Tyler,2186.6130000000003,257.9163,6,218.66130000000004
Bobby Elias,2261.438,755.9151,5,452.2876
Bobby Odegard,130.83,59.4522,2,65.415
Bobby Trafton,603.876,-77.5256,4,86.268
Brad Eason,1727.652,139.20080000000002,6,132.8963076923077
Brad Norvell,265.296,36.6131,4,44.216
Brad Thomas,415.19599999999997,126.8694,2,138.39866666666666
Bradley Drucker,4411.2429999999995,1142.1225000000002,6,441.12429999999995
Bradley Nguyen,1459.344,340.7054,5,85.84376470588235
Bradley Talbott,2684.4919999999997,409.4983,5,268.44919999999996
Brenda Bowman,6765.728,1015.0749999999999,9,338.2864
Brendan Dodson,320.54,116.714,2,80.135
Brendan Murry,808.162,95.58160000000001,6,80.81620000000001
Brendan Sweed,2454.928,381.7807,6,245.4928
Brian Dahlen,3332.8709999999996,655.7103,9,151.49413636363636
Brian DeCherney,1538.11,206.75689999999997,6,192.26375
Brian Derr,582.646,141.534,3,116.52919999999999
Brian Moss,7294.185,2199.2781,11,251.5236206896552
Brian Stugart,3288.1099999999997,238.73680000000002,3,298.91909090909087
Brian Thompson,3196.752,447.7484,7,159.8376
Brooke Gillingham,1874.172,107.5715,6,234.2715
Brosina Hoffman,6255.351,802.7898,8,260.63962499999997
Bruce Degenhardt,1526.5,333.9791,6,152.65
Bruce Galang,609.88,208.6624,5,50.82333333333333
Bruce Geld,1006.356,119.34790000000001,6,143.76514285714285
Bruce Stewart,2562.382,-113.29840000000002,7,183.0272857142857
Bryan Davis,658.466,141.265,6,65.8466
Bryan Mills,1338.842,137.7439,10,95.63157142857143
Bryan Spruell,949.4300000000001,194.0516,2,118.67875000000001
Candace McMahon,1673.8880000000001,214.463,6,167.3888
Cari Sayre,1278.954,185.3776,5,159.86925
Cari Schnelling,537.632,105.8275,6,76.80457142857142
Carl Jackson,16.52,1.652,1,16.52
Carl Ludwig,1262.0140000000001,328.0847,4,180.28771428571432
Carl Weiss,1136.592,370.8298,6,103.32654545454547
Carlos Daly,2033.9679999999998,426.661,5,225.99644444444442
Carlos Meador,565.392,-43.7324,2,141.348
Carlos Soltero,3036.547,-126.4223,11,138.02486363636365
Carol Adams,3789.7228,1143.3817000000001,6,378.97228
Carol Darley,639.766,-206.7172,3,106.62766666666666
Carol Triggs,4503.618,400.8580999999999,11,150.12060000000002
Caroline Jumper,11164.974,858.7414000000001,8,558.2487
Cassandra Brandow,6076.139,150.20890000000006,10,233.69765384615386
Catherine Glotzbach,904.468,86.5106,6,100.49644444444444
Cathy Armstrong,1679.7240000000002,211.2559,5,167.97240000000002
Cathy Hwang,1537.236,195.15109999999999,3,384.309
Cathy Prescott,5402.254,427.0258,8,385.8752857142857
Chad Cunningham,1770.945,208.5912,6,136.22653846153847
Chad McGuire,1661.6100000000001,409.0679,4,237.37285714285716
Chad Sievert,884.64,143.8339,4,126.37714285714286
Charles Crestani,2471.65,392.2825,7,224.69545454545457
Charles McCrossin,2533.314,-394.3686,6,361.902
Charles Sheldon,844.4580000000001,113.1405,5,105.55725000000001
Charlotte Melton,1475.144,91.2033,6,210.73485714285715
Chloris Kastensmidt,3154.855,141.2831,13,98.58921875
Chris Cortes,3913.418,393.9618,12,177.88263636363638
Chris McAfee,2305.712,365.0387,5,288.214
Chris Selesnick,2754.216,738.3626,12,98.36485714285713
Christina Anderson,2648.2872,279.6183,9,155.78160000000003
Christina DeMoss,1205.584,233.0274,2,92.73723076923078
Christina VanderZanden,2830.628,493.0861,5,217.7406153846154
Christine Abelman,1421.954,246.0218,4,129.26854545454546
Christine Kargatis,2945.321,261.22090000000003,5,245.44341666666665
Christine Phan,5888.275,-1850.3029000000001,8,392.5516666666666
Christine Sundaresam,3202.1620000000003,831.9432,11,145.5528181818182
Christopher Conant,12129.072,2177.0493,5,1102.6429090909091
Christopher Martinez,8954.02,3899.8903999999998,4,895.402
Christopher Schild,3651.8585000000003,-342.8033,9,260.8470357142857
Christy Brittain,1949.2000000000003,272.3883,8,162.43333333333337
Chuck Clark,4606.952,314.2227,12,184.27808000000002
Chuck Magee,287.99,64.4296,3,31.99888888888889
Chuck Sachs,550.644,156.2593,2,91.774
Cindy Chapman,1659.438,154.851,9,127.64907692307693
Cindy Schnelling,1077.2285,-302.8761,4,119.69205555555556
Cindy Stewart,5690.055,-6626.3895,6,632.2283333333334
Claire Gute,1148.78,169.9344,3,229.756
Claudia Bergmann,4246.4555,1049.5601,8,223.49765789473685
Clay Cheatham,113.832,33.8706,3,28.458
Clay Ludtke,10880.546,1933.7831,12,388.5909285714286
Clay Rozendal,2148.852,74.40129999999999,4,358.142
Clytie Kelty,2372.75,497.7098,11,94.91
Corey Catlett,2540.631,331.43399999999997,7,211.71925
Corey Roper,475.9,144.7594,3,118.975
Corey-Lock,1300.076,205.6282,5,162.5095
Corinna Mitchell,6339.5576,1572.4585,6,633.95576
Craig Carreira,2269.7015,187.8399,7,162.12153571428573
Craig Carroll,2854.1150000000002,850.1591000000001,4,237.8429166666667
Craig Leslie,2353.5860000000002,229.0099,5,294.19825000000003
Craig Molinari,3984.4524,176.3108,4,306.49633846153847
Craig Reiter,1600.55,306.9176,4,266.7583333333333
Craig Yedwab,2900.026,60.64669999999998,8,263.63872727272724
Cyma Kinney,1582.109,-338.4311,9,113.0077857142857
Cynthia Arntzen,3041.566,204.48950000000002,7,178.9156470588235
Cynthia Delaney,1860.732,403.8422,5,124.0488
Cynthia Voltz,2370.3136,98.99749999999999,9,124.75334736842105
Cyra Reiten,1397.8724,83.27029999999999,3,199.69605714285714
Damala Kotsonis,3256.48,881.1228,12,120.61037037037038
Dan Campbell,3336.168,-1441.6313,9,185.34266666666667
Dan Lawera,1503.112,322.2449,8,107.36514285714286
Dan Reichenbach,6528.034,1641.8613,9,272.00141666666667
Dana Kaydos,4282.176,937.6496,5,285.4784
Daniel Byrd,2171.5989999999997,431.3748,8,180.96658333333332
Daniel Lacy,3272.2,4.213200000000015,6,233.72857142857143
Daniel Raglin,8350.868,2869.0759999999996,8,642.3744615384616
Dario Medina,1322.034,108.7583,7,146.89266666666668
Darren Budd,2839.2272000000003,213.00289999999998,5,202.80194285714288
Darren Koutras,1687.04,-107.35379999999998,5,210.88
Darren Powers,1050.636,241.45239999999995,9,61.80211764705882
Darrin Martin,6345.103,1677.3931,7,317.25515
Darrin Sayre,1762.213,193.3319,4,92.74805263157894
Darrin Van Huff,1119.483,-427.18399999999997,5,124.387
Dave Brooks,4531.646,473.02720000000005,7,348.58815384615383
Dave Hallsten,4932.872,1193.7404000000001,6,214.47269565217394
Dave Kipp,2650.557,536.3935,7,203.88899999999998
Dave Poirier,2215.002,563.1761,8,158.21442857142856
David Bremer,2973.094,-1421.7692000000002,7,212.36385714285714
David Flashing,2390.534,-259.3097,3,398.42233333333337
David Kendrick,797.832,249.9447,2,159.5664
David Philippe,1058.616,-40.93759999999999,2,264.654
David Smith,2881.8128,163.6993,9,144.09064
David Wiener,1080.751,-86.87380000000002,6,120.08344444444444
Dean Braden,2332.577,169.9679,10,111.07509523809524
Dean Katz,4802.394,209.8994,9,252.75757894736844
Dean percer,7198.761,333.36479999999995,11,248.2331379310345
Deanra Eno,2550.874,464.47139999999996,5,283.43044444444445
Deborah Brumfield,4655.897,841.8264,8,358.14592307692305
Debra Catini,1174.618,132.06820000000002,5,167.8025714285714
Deirdre Greer,3195.818,562.7761,5,399.47725
Delfina Latchford,1458.258,288.8732,8,85.77988235294117
Denise Leinenbach,585.0200000000001,222.6812,4,73.12750000000001
Denise Monton,4074.4719999999993,1319.0586,8,313.42092307692303
Dennis Bolton,1081.466,291.0085,5,180.24433333333332
Dennis Kane,3318.486,377.0799,8,144.28199999999998
Dennis Pardue,5480.724,1571.8318000000002,9,391.48028571428574
Denny Blanton,3674.684,1221.0182,8,141.334
Denny Joy,2012.52,483.03499999999997,4,402.504
Denny Ordway,1300.0315,-38.90859999999999,9,100.00242307692308
Dianna Arnett,156.76,56.7904,4,19.595
Dianna Vittorini,3341.587,353.2127,6,222.77246666666667
Dianna Wilson,5271.628,1348.7556,5,479.2389090909091
Dionis Lloyd,3539.322,-52.78799999999998,8,294.94350000000003
Don Jones,2501.688,345.2521,8,192.43753846153848
Don Miller,1376.792,199.7688,3,137.67919999999998
Don Weiss,344.08,69.66720000000001,5,38.23111111111111
Dorothy Badders,3908.8028,109.32700000000001,7,279.2002
Dorothy Dickinson,269.542,36.4344,6,29.949111111111108
Dorothy Wardle,1204.854,-266.8966,7,120.4854
Dorris liebe,755.602,175.2388,5,125.93366666666667
Doug Bickford,1989.0500000000002,438.8012,7,180.8227272727273
Doug Jacobs,3356.398,731.5644,3,419.54975
Doug O'Connell,2043.296,658.7829,9,157.1766153846154
Duane Benoit,1155.202,177.67350000000002,7,115.5202
Duane Huffman,1043.096,116.667,4,94.8269090909091
Duane Noonan,2139.79,540.5405000000001,7,194.52636363636364
Ed Braxton,3644.978,13.621500000000015,9,303.7481666666667
Ed Jacobs,2162.174,387.01759999999996,4,270.27175
Ed Ludwig,124.28,27.1154,2,62.14
Edward Becker,3236.314,-80.28599999999999,10,161.8157
Edward Hooks,10310.880000000001,1393.5154,12,322.21500000000003
Edward Nazzal,2199.366,496.1131,4,244.374
Eileen Kiefer,1303.4779999999998,97.1066,4,325.86949999999996
Eleni McCrary,2567.0099999999998,-133.8275,5,366.7157142857142
Elizabeth Moffitt,2339.598,682.5542,8,146.224875
Ellis Ballard,4358.128,656.1988,5,544.766
Elpida Rittenbach,1245.788,-295.73980000000006,3,249.1576
Emily Burns,2767.219,261.53150000000005,10,251.56536363636363
Emily Ducich,3484.92,670.4435,8,248.92285714285714
Emily Grady,1832.02,104.2656,5,203.55777777777777
Emily Phan,5478.0608,144.95780000000002,17,176.71163870967743
Eric Barreto,944.6000000000001,0.6042000000000058,5,134.94285714285715
Eric Hoffmann,684.1709999999999,53.53980000000001,8,40.24535294117646
Eric Murdock,933.704,102.29599999999999,5,155.61733333333333
Erica Bern,1643.255,162.8781,4,273.87583333333333
Erica Hackney,825.95,150.3759,6,103.24375
Erica Hernandez,1219.53,-94.14079999999997,7,110.86636363636363
Erica Smith,3510.458,1003.2935,5,438.80725
Erin Ashbrook,2846.705,-52.74059999999996,13,113.8682
Erin Creighton,461.914,96.4256,5,65.98771428571429
Erin Mull,228.99,40.154599999999995,4,38.165
Erin Smith,4657.924,246.66610000000003,9,232.8962
Eudokia Martin,1041.0420000000001,240.2362,4,104.10420000000002
Eugene Barchas,3071.126,184.7656,6,279.19327272727276
Eugene Hildebrand,3143.4829999999997,117.8102,14,142.8855909090909
Eugene Moren,4588.436,1319.3655,6,218.49695238095237
Eva Jacobs,2656.691,451.87550000000005,5,332.086375
Evan Bailliet,1186.326,282.1701,6,169.47514285714286
Evan Henry,923.884,242.1107,6,115.4855
Evan Minnotte,366.822,21.7721,3,91.7055
Filia McAdams,2456.638,249.6808,10,163.77586666666667
Frank Atkinson,2984.054,520.5229,7,175.53258823529413
Frank Carlisle,3418.742,1217.1662000000001,7,244.19585714285716
Frank Gastineau,2124.784,692.4281000000001,11,124.98729411764707
Frank Hawley,4256.272,1073.2676000000001,10,202.67961904761904
Frank Merwin,3736.1980000000003,198.1095,9,186.80990000000003
Frank Olsen,2678.438,215.59689999999998,10,178.56253333333333
Frank Preis,4046.746,406.44730000000004,8,289.0532857142857
Fred Chung,3889.366,714.2926,7,388.9366
Fred Harton,2271.284,706.289,4,162.23457142857143
Fred Hopkins,6987.196,2050.2826,8,537.4766153846153
Fred McMath,2731.996,218.0138,11,151.77755555555555
Fred Wasserman,79.75,23.491300000000003,3,26.583333333333332
Gary Hansen,2819.467,-576.8335,9,165.851
Gary Hwang,4172.846,1176.4181,4,417.28459999999995
Gary McGarr,3582.82,347.26599999999996,7,325.7109090909091
Gary Mitchum,3078.6240000000003,793.2814000000001,6,256.552
Gary Zandusky,4355.15,1087.7539,9,311.08214285714286
Gene Hale,1361.2440000000001,-95.4498,2,453.74800000000005
Gene McClure,1255.682,441.3185,10,96.59092307692308
George Ashbrook,3919.7760000000003,840.899,8,279.98400000000004
George Bell,1568.44,7.837100000000017,11,78.422
George Zrebassa,2529.11,860.6918000000001,8,281.01222222222225
Georgia Rosenberg,1284.38,359.83320000000003,2,256.87600000000003
Giulietta Baptist,4716.288,1135.8393,5,294.768
Giulietta Dortch,1888.07,230.93729999999996,4,314.67833333333334
Giulietta Weimer,2189.0190000000002,-268.5423,7,243.22433333333336
Grace Kelly,6497.27,1448.5525,9,464.09071428571434
Grant Thornton,9351.212,-4108.6589,3,1558.5353333333333
Greg Guthrie,8584.092,1415.2423000000001,11,238.447
Greg Hansen,146.9408,-5.810200000000001,2,48.980266666666665
Greg Matthias,3163.628,35.48649999999999,6,287.60254545454546
Greg Maxwell,6049.966,188.7235,3,549.9969090909091
Greg Tran,11820.119999999999,2163.4269,11,407.5903448275862
Guy Armstrong,1398.382,136.70790000000002,11,63.56281818181819
Guy Phonely,236.53,31.837600000000002,2,47.306
Guy Thornton,226.436,-6.139199999999995,4,32.348
Hallie Redmond,1299.288,185.5794,5,99.94523076923078
Harold Dahlen,251.36,-135.87599999999998,3,35.90857142857143
Harold Engle,883.532,274.4028,4,80.32109090909091
Harold Pawlan,1990.314,373.8637,7,199.03140000000002
Harold Ryan,5248.787,1196.9504,7,374.91335714285714
Harry Greene,785.628,147.00320000000002,5,78.56280000000001
Harry Marie,8236.7648,2437.9835999999996,10,411.83824000000004
Harry Olson,1087.916,329.353,4,108.79159999999999
Heather Jas,358.1,98.6548,5,59.68333333333334
Heather Kirkland,4877.784000000001,956.9451000000001,8,325.1856
Helen Abelman,2163.2999999999997,270.85740000000004,7,216.32999999999998
Helen Andreada,2584.158,99.1445,8,143.56433333333334
Helen Wasserman,9300.254,2164.1611,8,465.01270000000005
Henia Zydlo,886.52,-130.3879,5,147.75333333333333
Henry Goldwyn,3247.642,-2797.9635,12,191.03776470588235
Henry MacAllister,736.276,117.2755,4,105.18228571428571
Herbert Flentye,2533.1639999999998,-13.876799999999976,7,133.32442105263158
Hilary Holden,218.668,86.73419999999999,2,36.44466666666667
Hunter Glantz,3690.284,804.6112999999999,7,335.4803636363636
Hunter Lopez,12873.297999999999,5622.4292,6,1170.2998181818182
Ionia McGrath,2872.63,975.7701,3,718.1575
Irene Maddox,4930.474,514.6527,7,234.7844761904762
Ivan Gibson,744.574,320.4982,4,106.36771428571429
Ivan Liston,5040.736,1121.937,7,360.0525714285714
Jack Garza,2358.676,684.1911,3,336.9537142857143
Jack Lebron,1214.956,-207.79559999999998,6,101.24633333333333
Jack O'Briant,3254.949,581.4045,9,250.3806923076923
James Galang,6366.392,1415.6664,11,353.68844444444443
James Lanier,1571.523,209.2817,5,224.5032857142857
James Peterman,515.2,186.676,5,85.86666666666667
Jamie Frazer,2279.5860000000002,575.1259,7,119.9782105263158
Jamie Kunitz,4427.142,1219.983,5,340.5493846153846
Jane Waco,8846.354000000001,2530.5094,10,260.1868823529412
Janet Lee,2203.7,54.51740000000002,5,220.36999999999998
Janet Martin,3159.1220000000003,19.823500000000045,6,166.26957894736844
Janet Molinari,1804.146,502.6143,5,138.78046153846154
Jas O'Carroll,1934.272,202.1362,6,175.84290909090907
Jason Fortune-,955.124,97.289,5,68.22314285714286
Jason Gross,2240.58,3.7976000000000028,6,203.6890909090909
Jason Klamczynski,383.812,55.32769999999999,3,95.953
Jasper Cacioppo,71.263,-0.3555999999999999,4,17.81575
Jay Fein,1911.844,330.199,6,119.49025
Jay Kimmel,2709.632,330.2838,8,159.39011764705882
Jenna Caffey,1058.1080000000002,502.9244,1,264.52700000000004
Jennifer Braxton,1830.4850000000001,174.7144,12,101.69361111111112
Jennifer Ferguson,2371.4480000000003,635.6376,6,169.38914285714287
Jennifer Halladay,309.281,-24.077100000000005,4,44.183
Jennifer Jackson,709.178,200.5558,5,118.19633333333333
Jennifer Patt,1669.135,429.74649999999997,7,111.27566666666667
Jennifer Sheldon,19.98,8.991,2,9.99
Jeremy Ellison,1388.682,276.2197,6,106.8216923076923
Jeremy Farry,1082.918,-18.06730000000001,11,72.19453333333333
Jeremy Lonsdale,3173.874,591.7163,6,186.6984705882353
Jeremy Pistek,3635.594,757.1802,7,227.224625
Jessica Myrick,2070.063,394.6255,9,172.50525000000002
Jesus Ocampo,1090.838,167.6709,5,99.1670909090909
Jill Fjeld,4198.332,1073.2087999999999,8,262.39575
Jill Matthias,303.948,113.1204,5,43.421142857142854
Jill Stevenson,1417.654,-175.54899999999998,4,177.20675
Jill Trafton,144.588,-197.6036,2,72.294
Jim Epp,7754.976,1623.4019,7,387.74879999999996
Jim Karlsson,3760.0280000000002,750.9485,7,313.33566666666667
Jim Kriz,4760.433999999999,1172.5303000000001,9,396.7028333333333
Jim Mitchum,864.947,117.204,5,72.07891666666667
Jim Radford,1156.658,-785.1645,2,385.55266666666665
Jim Sink,1131.064,-54.869200000000006,4,102.82400000000001
Jocasta Rupert,863.88,107.985,1,863.88
Joe Elijah,10461.458999999999,1443.1774,12,348.71529999999996
Joe Kamberova,4867.2,55.04830000000001,10,243.35999999999999
Joel Eaton,6760.815,221.79670000000002,13,293.94847826086954
Joel Jenkins,195.0,34.449200000000005,2,65.0
John Castell,2772.055,279.5692,9,173.2534375
John Dryer,2152.3520000000003,-266.5525,5,307.4788571428572
John Grady,1507.018,206.1019,6,167.44644444444444
John Huston,528.91,26.0822,6,66.11375
John Lee,9799.923,228.90700000000004,11,288.23302941176473
John Lucas,2725.256,779.9046,6,247.75054545454543
John Murray,7625.076,1574.6163999999999,7,586.5443076923077
John Stevenson,3868.02,564.9798,5,429.78
Jonathan Doherty,7610.8640000000005,1050.2668,11,237.83950000000002
Jonathan Howell,959.477,-13.55449999999999,7,106.60855555555555
Joni Blumstein,900.5519999999999,-286.98080000000004,3,112.56899999999999
Joni Sundaresam,469.169,-327.9336,5,58.646125
Joni Wasserman,1244.086,-29.575899999999983,7,113.09872727272727
Joseph Airdo,6491.026,-819.4217,8,270.45941666666664
Joseph Holt,7954.9980000000005,-644.6981999999999,6,568.2141428571429
Joy Bell-,644.1188,126.76490000000001,7,92.01697142857142
Joy Daniels,385.43,26.7605,6,35.03909090909091
Joy Smith,2516.494,-311.25749999999994,6,139.80522222222223
Julia Barnett,2518.1150000000002,201.51850000000002,5,279.79055555555556
Julia Dunbar,695.442,111.11410000000001,3,115.907
Julia West,1428.731,154.0637,4,204.10442857142857
Juliana Krohn,3747.668,586.6625,3,416.4075555555556
Julie Creighton,858.576,201.5952,5,95.39733333333334
Julie Kriz,2932.484,122.65659999999998,10,172.4990588235294
Julie Prescott,1707.71,309.7116,9,131.3623076923077
Justin Deggeller,8828.0305,1619.5198999999998,8,519.2959117647059
Justin Ellison,2697.248,789.6476,3,385.3211428571429
Justin Hirsh,2256.394,-96.95300000000002,4,451.27879999999993
Justin MacKendrick,2833.9260000000004,754.1143999999999,10,149.15400000000002
Justin Ritter,2201.686,452.37300000000005,5,220.16860000000003
Kalyca Meade,2260.958,635.1057,6,118.99778947368422
Karen Bern,3152.6150000000002,763.9076,7,315.2615
Karen Carlisle,2120.954,846.1217,6,212.0954
Karen Daniels,8282.358,1107.6952000000003,5,517.647375
Karen Ferguson,10604.266,1660.1386,7,589.1258888888889
Karen Seio,88.47200000000001,0.11099999999999888,3,22.118000000000002
Karl Braun,1569.464,49.71929999999999,9,71.33927272727273
Katharine Harms,3312.864,454.7871,8,184.048
Katherine Ducich,1888.964,328.5942,6,188.8964
Katherine Hughes,3100.612,528.2051,6,221.47228571428573
Katherine Murray,5620.186,973.7901999999999,8,281.0093
Katherine Nockton,2617.272,-151.1518,9,153.95717647058822
Katrina Bavinger,908.821,274.297,3,100.98011111111111
Katrina Edelman,1686.7312,397.87989999999996,8,112.44874666666666
Katrina Willman,4416.52,1756.1349999999998,5,441.65200000000004
Kean Nguyen,2171.962,114.3083,5,271.49525
Kean Takahito,3057.1,254.0032,7,218.3642857142857
Kean Thornton,4642.088400000001,194.0671,10,357.0837230769231
Keith Dawkins,8181.256,3038.6254000000004,12,292.1877142857143
Keith Herrera,5952.859,656.1162,7,258.81995652173913
Kelly Andreada,1519.506,234.91940000000002,7,138.13690909090909
Kelly Collister,3908.2619999999997,709.4219,4,781.6524
Kelly Lampkin,5016.488,-182.7813,8,228.02218181818182
Kelly Williams,449.096,107.92699999999999,4,89.8192
Ken Black,2744.742,579.3551,12,119.33660869565219
Ken Brennan,983.922,293.55240000000003,7,109.32466666666667
Ken Dana,2243.51,539.7219,5,172.57769230769233
Ken Heidel,3918.9660000000003,727.3786,9,230.5274117647059
Ken Lonsdale,14175.229,806.8549999999999,12,488.801
Khloe Miller,453.538,91.1391,5,50.39311111111111
Kimberly Carter,1146.05,156.7797,4,163.72142857142856
Kristen Hastings,5990.799,1227.5091,7,399.3866
Kristina Nunn,2280.58,329.7625,8,152.03866666666667
Kunst Miller,4909.472,745.7685,8,175.33828571428572
Larry Blacks,50.188,18.6507,3,16.729333333333333
Larry Hughes,287.426,12.627699999999999,3,95.80866666666667
Larry Tron,329.876,59.036,3,109.95866666666666
Laura Armstrong,8673.222,2059.1199,11,333.5854615384615
Laurel Beltran,4985.676,-52.19099999999997,8,207.7365
Laurel Elliston,1469.4499999999998,161.76489999999998,6,163.2722222222222
Laurel Workman,2238.061,32.57670000000002,5,149.20406666666668
Lauren Leatherbury,2741.2039999999997,560.0078,6,228.43366666666665
Lela Donovan,5.304,0.4641,1,5.304
Lena Cacioppo,2580.704,-188.2511,8,86.02346666666668
Lena Creighton,7663.126,1288.3469,12,333.17939130434786
Lena Hernandez,2295.332,526.0726999999999,9,153.02213333333333
Lena Radford,5142.892,535.4764,6,321.43075
Linda Cazamias,4492.946,288.26599999999996,8,320.9247142857143
Linda Southworth,2845.27,-318.7737,6,203.23357142857142
Lindsay Castell,3246.6259999999997,299.48019999999997,4,463.80371428571425
Lindsay Shagiari,2988.674,262.63669999999996,9,135.8488181818182
Lindsay Williams,3230.308,662.8339,6,293.66436363636365
Lisa DeCherney,1961.934,557.1714,4,280.27628571428573
Lisa Hazard,318.239,-242.73989999999998,4,53.03983333333333
Lisa Ryan,1879.306,-382.8079,5,156.60883333333334
Liz Carlisle,2095.064,86.778,5,232.78488888888887
Liz MacKendrick,1346.774,-44.878,5,192.3962857142857
Liz Pelletier,756.606,110.7813,4,84.06733333333334
Liz Preis,3653.399,338.4454,7,243.55993333333333
Liz Thompson,2936.252,320.973,8,209.73228571428572
Liz Willingham,1259.04,192.6312,3,251.808
Logan Currie,2633.582,231.1252,9,138.60957894736842
Logan Haushalter,1739.689,316.5202,9,91.56257894736842
Lori Olson,644.35,150.1712,5,71.59444444444445
Luke Foster,3930.509,-3583.977,7,245.6568125
Luke Schmidt,1010.256,244.197,6,72.16114285714285
Luke Weiss,5420.514,837.2411000000001,7,361.3676
Lycoris Saunders,368.88,39.1952,3,61.48
Lynn Smith,1008.136,348.3584,6,84.01133333333333
Magdelene Morse,1314.0230000000001,178.402,4,219.00383333333335
Marc Crier,2725.982,461.0014,8,209.69092307692307
Marc Harrigan,2394.025,28.76120000000002,6,184.15576923076924
Maria Bertelson,1548.702,212.425,10,81.51063157894737
Maria Etezadi,10663.728000000001,1859.4695,10,484.71490909090915
Maria Zettner,593.606,85.01910000000001,4,98.93433333333333
Maribeth Dona,3766.382,-241.94999999999996,7,221.5518823529412
Maribeth Schnelling,7443.6900000000005,844.9355,10,310.15375
Maribeth Yedwab,2254.285,319.1211,7,173.40653846153845
Marina Lichtenstein,2722.843,684.9162,9,136.14215
Maris LaWare,2921.5,-76.17550000000003,6,194.76666666666668
Mark Cousins,4432.138,1802.3903,5,443.2138
Mark Haberlin,400.01599999999996,61.428599999999996,4,44.44622222222222
Mark Hamilton,2456.1820000000002,484.7733,8,223.28927272727276
Mark Packer,3206.132,600.2873,7,229.00942857142857
Mark Van Huff,1560.05,189.0258,9,104.00333333333333
Mary O'Rourke,922.4870000000001,59.357699999999994,4,184.49740000000003
Mary Zewe,2564.906,787.7503,6,256.4906
MaryBeth Skach,475.65599999999995,84.0268,4,67.95085714285713
Mathew Reese,639.178,162.9363,4,106.52966666666667
Matt Abelman,4299.161,1240.2266,11,126.44591176470588
Matt Collins,1303.893,210.7493,8,118.53572727272727
Matt Collister,2426.067,288.98409999999996,6,142.70982352941178
Matt Connell,2258.192,195.4486,8,125.45511111111111
Matt Hagelstein,1252.8,122.3612,4,208.79999999999998
Matthew Clasen,795.154,-247.9435,4,99.39425
Matthew Grinstein,3785.276,341.898,7,270.37685714285715
Maureen Fritzler,937.039,-341.5265,5,117.129875
Maureen Gastineau,2350.188,25.888600000000004,4,235.0188
Maureen Gnade,1342.282,-398.79319999999996,3,191.7545714285714
Maurice Satty,1613.402,247.4348,6,107.56013333333334
Max Engle,1908.4532,77.81280000000001,8,146.80409230769231
Max Jones,6320.746,1054.5529000000001,7,421.38306666666665
Max Ludwig,2071.914,409.51120000000003,7,159.37800000000001
Maxwell Schwartz,3144.678,280.85839999999996,9,165.5093684210526
Maya Herman,2203.7780000000002,238.5614,7,200.34345454545456
Meg O'Connel,1687.027,169.3437,8,153.3660909090909
Meg Tillman,2890.1389999999997,509.0068,6,289.0139
Melanie Seite,370.348,19.4312,4,74.06960000000001
Michael Chen,3805.714,698.4174,7,271.83671428571427
Michael Dominguez,1204.9099999999999,-4.040299999999995,5,150.61374999999998
Michael Grace,1242.833,-470.7684,5,177.54757142857144
Michael Granlund,776.384,171.7372,9,59.72184615384616
Michael Kennedy,2302.368,-405.3559,8,135.43341176470588
Michael Knudson,225.696,-74.1416,7,28.212
Michael Moore,3794.08,82.125,11,237.13
Michael Nguyen,2477.946,290.8227,6,247.7946
Michael Oakman,154.288,-82.0074,2,38.572
Michael Paige,4198.826,666.4858,11,174.95108333333334
Michael Stewart,855.116,55.226,6,77.73781818181818
Michelle Arnett,2453.284,280.7822,6,204.44033333333334
Michelle Ellison,1256.944,107.3604,4,209.49066666666667
Michelle Huthwaite,2984.948,476.90319999999997,5,298.4948
Michelle Lonsdale,742.082,138.71620000000001,3,185.5205
Michelle Moray,2749.881,-520.3443000000001,8,144.7305789473684
Michelle Tran,1319.4497999999999,-23.6763,4,119.94998181818181
Mick Brown,1428.231,117.8057,7,142.8231
Mick Crebagga,2218.98,-64.1668,10,116.78842105263158
Mick Hernandez,5503.093,170.97460000000007,9,250.1405909090909
Mike Caudle,1581.998,121.7565,5,143.818
Mike Gockenbach,3061.543,-93.603,4,382.692875
Mike Kennedy,1031.602,227.8338,4,93.78200000000001
Mike Pelletier,5087.92,226.4529,9,267.78526315789475
Mike Vittorini,1734.574,273.8582,7,157.68854545454545
Mitch Gastineau,16.739,-1.2453,1,8.3695
Mitch Webber,5341.900000000001,1238.422,7,381.56428571428575
Mitch Willingham,5253.876,1665.516,2,1751.2920000000001
Monica Federle,1758.3000000000002,456.86080000000004,5,146.525
Muhammed Lee,162.23200000000003,42.6648,2,54.07733333333334
Muhammed MacIntyre,775.414,58.8916,9,64.61783333333334
Muhammed Yedwab,4152.696,-371.7111,11,197.74742857142857
Nancy Lomonaco,1418.0900000000001,343.6381,4,141.80900000000003
Naresj Patel,5529.62,1208.8890000000001,6,263.3152380952381
Nat Carroll,2461.404,580.3075,5,144.7884705882353
Nat Gilpin,1869.58,313.6335,5,116.84875
Natalie DeCherney,4326.139,353.64549999999997,9,240.34105555555556
Natalie Fritzler,8322.826,-1695.9714,7,594.4875714285714
Natalie Webber,7234.014,1023.1229999999999,7,328.8188181818182
Nathan Cano,2218.9900000000002,-2204.8072,6,158.49928571428572
Nathan Gelder,1395.938,217.0893,5,155.10422222222223
Nathan Mautz,6459.344,2751.6849,7,461.3817142857143
Neil Cohen,382.144,-52.742000000000004,6,63.690666666666665
Neil Ducich,2893.455,443.33680000000004,6,361.681875
Neil Französisch,377.162,85.92779999999999,4,94.2905
Neil Knudson,572.048,121.21770000000001,7,52.004363636363635
Neola Schneider,2575.863,-12.303999999999991,4,171.7242
Neoma Murray,2161.979,788.9525,10,144.1319333333333
Nick Crebassa,8241.739,1314.758,7,549.4492666666666
Nick Radford,2367.277,-25.148799999999973,5,182.09823076923078
Nick Zandusky,2488.3100000000004,402.4236,9,124.41550000000002
Nicole Brennan,273.87199999999996,24.788800000000002,2,136.93599999999998
Nicole Fjeld,7003.068,1167.0987,11,350.15340000000003
Nicole Hansen,2673.29,760.1666,7,243.02636363636364
Noah Childs,1821.7420000000002,-359.02099999999996,5,202.4157777777778
Noel Staavos,2964.823,-234.7714,13,114.03165384615384
Nona Balk,1972.599,117.64290000000001,9,116.03523529411764
Nora Paige,3908.402,514.6002,5,390.8402
Nora Pelletier,1228.698,514.5017,6,175.52828571428572
Nora Preis,7903.1825,631.2282,7,607.9371153846154
Odella Nelson,1567.52,-5.88900000000001,9,104.50133333333333
Olvera Toch,3818.624,-925.1203,5,381.8624
Pamela Coakley,1832.064,272.685,4,366.4128
Pamela Stobb,2181.479,-134.44099999999997,6,103.87995238095237
Parhena Norris,1467.152,192.0396,8,112.85784615384615
Patricia Hirasaki,729.648,47.8878,1,364.824
Patrick Bzostek,740.356,229.2257,3,74.0356
Patrick Gardner,3086.9069999999997,137.46130000000002,13,118.72719230769229
Patrick Jones,1220.0900000000001,442.13550000000004,8,93.85307692307694
Patrick O'Brill,7473.8282,38.47570000000001,11,339.7194636363636
Patrick O'Donnell,2493.214,437.8533,7,191.7856923076923
Patrick Ryan,1840.178,247.6226,5,153.34816666666669
Paul Gonzalez,1987.164,334.5163,9,116.892
Paul Knutson,1441.152,-798.705,2,480.384
Paul Lucas,239.481,-0.7527000000000008,5,29.935125
Paul MacIntyre,1405.402,157.8768,3,351.3505
Paul Prost,7252.608,1495.0854,10,213.312
Paul Stevenson,1278.639,198.5099,8,98.35684615384615
Paul Van Hugh,2876.0460000000003,434.52840000000003,5,221.2343076923077
Pauline Chand,1061.488,-184.3364,2,353.82933333333335
Pauline Johnson,1824.234,682.9979000000001,7,182.4234
Pauline Webber,3454.916,803.8169,10,265.76276923076927
Penelope Sewall,6843.634,1742.7296999999999,7,526.4333846153846
Pete Armstrong,729.408,225.8588,6,104.20114285714286
Pete Kriz,8646.934,2038.2676000000001,12,345.87735999999995
Pete Takahito,160.572,-20.0508,4,22.93885714285714
Peter Bühler,688.324,218.15970000000002,4,137.66479999999999
Peter Fuller,9062.864,-614.2943,4,476.99284210526315
Peter McVee,4115.662,526.7537,4,587.9517142857143
Philip Brown,1456.95,280.6606,8,132.45000000000002
Philip Fox,2770.0,196.8739,6,277.0
Philisse Overcash,4893.043,1155.4331,9,271.8357222222222
Phillina Ober,1056.858,-49.70089999999998,5,105.6858
Phillip Breyer,132.738,21.897000000000002,2,66.369
Phillip Flathmann,2206.128,591.3118000000001,5,220.61280000000002
Pierre Wener,3922.415,1290.354,7,326.86791666666664
Quincy Jones,6108.338,1203.6768,9,469.8721538461538
Rachel Payne,954.6451999999999,59.538399999999996,4,79.55376666666666
Ralph Arnett,2617.906,546.0882,9,153.9944705882353
Ralph Kennedy,1460.192,269.688,3,182.524
Ralph Ritter,615.932,-73.835,2,153.983
Randy Bradley,1008.1959999999999,-164.40619999999998,2,168.03266666666664
Randy Ferguson,3309.1499999999996,633.7072,8,206.82187499999998
Raymond Buch,15117.339,6976.0959,6,839.8521666666667
Raymond Messe,1453.474,392.1499,6,161.4971111111111
Resi Pölking,5153.084,465.25030000000004,12,206.12336
Ricardo Emerson,48.36,6.045,1,48.36
Ricardo Sperren,3221.29,633.4514,5,357.9211111111111
Richard Bierner,2663.0860000000002,477.2399,8,166.44287500000002
Richard Eichhorn,876.696,209.2294,5,97.41066666666667
Rick Bensley,4715.466,640.5466,12,205.02026086956522
Rick Duston,4272.93,480.594,8,284.862
Rick Hansen,3621.376,563.7877,5,452.672
Rick Huthwaite,6979.18,1289.4535,6,581.5983333333334
Rick Reed,3302.2619999999997,721.6826,6,330.22619999999995
Rick Wilson,7397.401,1586.6273,7,321.6261304347826
Ritsa Hightower,740.382,0.30570000000000164,2,246.79399999999998
Rob Beeghly,528.546,76.8879,5,58.72733333333334
Rob Dowd,2912.8940000000002,734.5158,10,153.3102105263158
Rob Haberlin,2085.74,172.6261,3,189.61272727272726
Rob Lucas,6234.91,488.1484,8,259.78791666666666
Rob Williams,3279.746,698.8325,9,204.984125
Robert Barroso,221.084,72.679,5,31.583428571428573
Robert Dilbeck,2786.632,835.772,5,557.3264
Robert Marley,5979.096,1902.5438,5,543.5541818181817
Robert Waldorf,3495.646,707.5503,5,233.04306666666668
Roger Barcio,2067.45,243.07549999999998,4,295.34999999999997
Roger Demir,1419.737,207.3304,10,70.98685
Roland Fjeld,2341.2960000000003,711.6168,7,167.2354285714286
Roland Murray,98.35,28.6879,1,49.175
Roland Schwarz,4159.7699999999995,1206.3851,8,297.12642857142856
Rose O'Brian,3815.478,-1262.5716000000002,7,317.9565
Ross Baird,5633.316,-461.7332,8,312.962
Ross DeVincentis,1137.616,318.4625,8,71.101
Roy Collins,966.409,63.9914,6,96.6409
Roy Französisch,945.222,280.0261,8,85.92927272727273
Roy Phan,2170.716,594.5868,8,144.71439999999998
Roy Skaria,22.328,9.5838,2,7.442666666666667
Ruben Ausman,3832.314,1292.8656,7,255.4876
Ruben Dartt,3133.924,455.5292,9,149.2344761904762
Russell Applegate,4793.543,304.8673,9,217.88831818181816
Russell D'Ascenzo,970.942,35.0574,4,97.0942
Ryan Akin,1686.9225,-445.695,5,187.43583333333333
Ryan Crowe,885.752,10.563299999999998,6,80.52290909090908
Sally Hughsby,3406.8395,558.4739999999999,13,117.47722413793103
Sally Knutson,883.409,168.7933,3,176.6818
Sally Matthias,244.494,-26.592700000000004,4,40.749
Sam Craven,3362.9636,-317.0508,5,197.8213882352941
Sam Zeldin,3625.329,366.4303,11,181.26645000000002
Sample Company A,4624.572,1011.7443,9,308.3048
Sandra Flanagan,763.546,228.16230000000002,7,84.83844444444445
Sandra Glassco,3406.581,570.438,3,309.68918181818185
Sanjit Chand,14142.334,5757.411899999999,9,642.8333636363636
Sanjit Engle,12209.438,2650.6769,11,642.602
Sanjit Jacobs,3949.656,144.11889999999997,12,164.569
Saphhira Shifley,1324.028,332.3487,8,63.04895238095238
Sara Luxemburg,3053.012,527.9715000000001,7,339.22355555555555
Sarah Bern,1348.02,157.6658,3,192.5742857142857
Sarah Brown,6410.996,885.4624,6,534.2496666666667
Sarah Foster,3422.786,286.9046,9,228.18573333333333
Sarah Jordon,1341.036,-23.5137,6,134.1036
Scot Coram,4371.958,440.14099999999996,4,397.45072727272725
Scot Wooten,1085.078,-19.60620000000001,7,108.5078
Scott Cohen,3756.513,679.0074,12,170.7505909090909
Scott Williamson,1966.65,332.8725,6,280.95
Sean Braxton,8057.891,-2082.7451,7,473.9935882352941
Sean Christensen,3979.065,229.1617,7,331.58875
Sean Miller,25043.05,-1980.7393000000002,5,1669.5366666666666
Sean O'Donnell,2602.5755,-81.08579999999999,6,173.50503333333333
Sean Wendt,1019.044,95.83829999999999,3,169.84066666666666
Seth Vernon,11470.95,1199.4242,10,358.4671875
Shahid Collister,5992.536,236.6615,9,299.6268
Shahid Hopkins,2180.718,-144.5229,10,145.38119999999998
Shahid Shariari,3056.807,-1010.9738,6,254.73391666666666
Sharelle Roach,3233.481,-3333.9144,5,359.27566666666667
Shaun Chance,1874.998,379.5611,7,187.4998
Shaun Weien,2921.544,793.6548,7,324.616
Sheri Gordon,1884.7980000000002,-119.01049999999998,8,134.6284285714286
Shirley Daniels,6121.114,1985.1671999999999,9,291.481619047619
Shirley Jackson,1318.7759999999998,68.09629999999999,5,188.3965714285714
Shirley Schmidt,613.4000000000001,199.93449999999999,3,102.23333333333335
Shui Tom,433.34,84.4419,7,36.111666666666665
Sibella Parks,1306.086,-118.77570000000001,6,130.6086
Skye Norling,1860.4180000000001,-716.8565000000001,6,124.02786666666667
Sonia Cooley,902.7280000000001,100.2253,5,128.96114285714287
Sonia Sunley,418.49,135.5401,6,46.49888888888889
Speros Goranitis,3124.8320000000003,463.269,6,240.37169230769234
Stefania Perrino,5440.319,-270.4282,9,226.67995833333336
Stefanie Holloman,2096.392,260.6258,2,1048.196
Stephanie Phelps,1872.4360000000001,268.4782,9,124.82906666666668
Stephanie Ulpright,2595.364,763.4719,7,144.1868888888889
Steve Carroll,1254.64,370.1578,6,156.83
Steve Chapman,2576.408,611.8290999999999,10,184.02914285714286
Steve Nguyen,3127.9592,481.74989999999997,7,164.62943157894736
Steven Cartwright,5226.21,1276.6513,11,201.0080769230769
Steven Roelle,4345.886,1990.4243999999999,8,362.1571666666667
Steven Ward,758.6959999999999,68.2416,2,94.83699999999999
Stewart Carmichael,4492.657,-671.1874,7,213.93604761904763
Stewart Visinsky,4105.305,485.02720000000005,9,164.21220000000002
Stuart Calhoun,279.256,51.8252,4,55.85119999999999
Stuart Van,1271.0900000000001,199.6502,4,211.84833333333336
Sue Ann Reed,4767.3415,610.1496000000001,10,227.01626190476193
Sung Chung,280.632,31.1757,2,70.158
Sung Pak,4282.94,566.7226,10,178.45583333333332
Sung Shariari,964.636,-75.586,5,64.30906666666667
Susan Gilcrest,47.946,-3.707300000000001,3,9.5892
Susan MacKendrick,1043.041,-237.2885,1,173.84016666666665
Susan Pistek,3990.689,14.692400000000006,6,285.0492142857143
Susan Vittorini,1903.491,106.89120000000001,8,146.4223846153846
Suzanne McNair,5695.79,610.1142,14,237.32458333333332
Sylvia Foulston,3336.535,539.9352,9,196.26676470588234
Tamara Chand,19052.218,8981.3239,5,1587.6848333333335
Tamara Dahlen,1434.548,88.1897,9,89.65925
Tamara Manning,2955.226,573.3013,8,155.5382105263158
Tamara Willingham,5278.826,737.3905000000001,7,439.9021666666667
Tanja Norvell,3130.221,-692.0452,7,260.85175
Ted Butterfield,1467.881,390.2113,5,81.54894444444444
Ted Trevino,4915.602,751.9567,7,351.11442857142856
Thais Sissman,4.833,-3.3156,2,2.4165
Thea Hendricks,2422.824,-135.21249999999998,5,346.11771428571427
Thea Hudgings,2942.772,-252.5539,4,326.9746666666667
Theone Pippenger,4454.0560000000005,1129.1261,9,278.37850000000003
Theresa Coyne,1038.26,265.5332,1,259.565
Theresa Swint,2163.624,260.8744,6,127.27199999999999
Thomas Boland,3589.296,829.1635,4,326.29963636363635
Thomas Brumley,816.1740000000001,179.0038,4,204.04350000000002
Thomas Seio,5371.09,862.8877,7,282.68894736842105
Thomas Thornton,1427.044,278.7371,8,95.13626666666667
Tiffany House,1022.201,92.729,8,78.63084615384615
Tim Brockman,1602.376,260.6155,7,84.33557894736842
Tim Taslimi,439.5,93.9162,3,146.5
Toby Braunhardt,2198.45,490.9567,6,199.8590909090909
Toby Carlisle,4266.812,606.3727,8,266.67575
Toby Gnade,3058.372,682.1704000000001,5,339.8191111111111
Toby Ritter,675.942,220.3644,5,96.56314285714286
Toby Swindell,974.782,-184.97889999999998,5,81.23183333333334
Todd Boyes,834.328,268.967,5,64.17907692307692
Todd Sumrall,11891.751,2371.7144000000003,6,792.7834
Tom Ashbrook,14595.62,4703.7883,4,1459.5620000000001
Tom Boeckenhauer,9133.99,2798.3689,7,537.2935294117647
Tom Prescott,5329.0048,-1087.3898,5,532.90048
Tom Stivers,2054.14,48.70169999999998,5,293.4485714285714
Tonja Turnell,5364.808,1124.4999,7,383.20057142857144
Tony Chapman,1244.976,119.104,9,113.17963636363638
Tony Molinari,1094.6779999999999,292.52099999999996,3,273.66949999999997
Tony Sayre,2243.274,11.37789999999999,6,160.23385714285715
Tracy Blumstein,4737.486,-1603.0451,9,236.8743
Tracy Collins,742.558,217.933,7,74.2558
Tracy Hopkins,4234.096,-571.9678000000001,7,325.69969230769226
Tracy Poddar,1936.6399999999999,139.22869999999998,4,193.664
Tracy Zic,2234.95,349.4515,8,131.46764705882353
Troy Blackwell,1387.5590000000002,-136.40909999999997,5,198.22271428571432
Troy Staebel,2820.424,-294.69809999999995,7,256.4021818181818
Trudy Brown,2797.6679999999997,379.882,9,186.51119999999997
Trudy Glocke,2074.661,365.7205,4,207.4661
Trudy Schmidt,3368.094,220.9163,5,240.57814285714286
Valerie Dominguez,6442.254,1617.7874,6,402.640875
Valerie Mitchum,2454.866,513.5269,7,204.57216666666667
Valerie Takahito,1736.596,-224.08889999999997,2,192.9551111111111
Vicky Freymann,847.944,-96.27799999999999,5,77.08581818181818
Victor Preis,993.902,205.3888,3,198.78040000000001
Victoria Brennan,2005.596,371.2398,6,200.5596
Victoria Pisteka,3360.526,-1018.7768,7,240.03757142857143
Victoria Wilson,6134.0380000000005,-874.6645,10,340.77988888888893
Vivek Gonzalez,846.01,143.6268,6,105.75125
Vivek Grady,427.372,-52.333,5,71.22866666666667
Vivek Sundaresam,1055.981,-262.8093,4,131.997625
Vivian Mathis,380.69,116.6373,5,47.58625
William Brown,6327.268,692.3908,13,154.32360975609757
Xylona Preis,2503.156,675.9584,13,73.62223529411764
Yana Sorensen,6720.4439999999995,1778.2923,8,560.0369999999999
Yoseph Carroll,5454.35,1305.629,5,681.79375
Zuschuss Carroll,8025.707,-1032.149,13,258.8937741935484
Zuschuss Donatelli,1493.944,249.1307,5,165.99377777777778
